Player,Pos,Tm,G,MP,TS%,3PAr,FTr,ORB%,DRB%,TRB%,AST%,STL%,BLK%,TOV%,USG%
Alex Abrines\abrinal01,SG,OKC,68,1055,.560,.724,.144,1.9,7.1,4.5,5.5,1.7,0.6,8.3,15.9
Quincy Acy\acyqu01,PF,TOT,38,558,.565,.529,.353,3.9,18.0,11.0,4.9,1.2,2.0,9.7,16.8
Steven Adams\adamsst01,C,OKC,80,2389,.589,.002,.392,13.0,15.5,14.2,5.4,1.8,2.6,16.0,16.2
Arron Afflalo\afflaar01,SG,SAC,61,1580,.559,.360,.221,0.7,8.4,4.6,7.4,0.7,0.4,8.4,14.4
Alexis Ajinca\ajincal01,C,NOP,39,584,.529,.022,.225,8.3,23.8,16.0,3.1,1.7,3.1,13.7,17.2
Cole Aldrich\aldrico01,C,MIN,62,531,.549,.000,.256,11.0,23.9,17.4,6.4,2.4,3.7,15.1,9.4
LaMarcus Aldridge\aldrila01,PF,SAS,72,2335,.532,.053,.258,8.6,16.6,12.7,9.9,1.0,3.1,7.7,24.5
Lavoy Allen\allenla01,PF,IND,61,871,.485,.006,.196,13.7,14.6,14.2,9.1,1.0,2.4,13.7,10.9
Tony Allen\allento01,SG,MEM,71,1914,.493,.091,.218,9.6,13.8,11.7,8.4,3.1,1.4,13.3,17.9
Al-Farouq Aminu\aminual01,SF,POR,61,1773,.506,.455,.292,4.8,23.5,14.1,7.9,1.7,2.0,15.2,15.4
Chris Andersen\anderch01,C,CLE,12,114,.497,.136,.636,9.0,20.6,15.0,5.9,2.2,5.0,15.1,13.0
Alan Anderson\anderal01,SF,LAC,30,308,.494,.550,.200,1.1,7.4,4.4,4.9,0.5,0.0,7.4,13.7
Justin Anderson\anderju01,SF,TOT,75,1228,.537,.442,.294,6.2,16.9,11.3,8.8,1.7,1.6,11.7,20.9
Kyle Anderson\anderky01,SG,SAS,72,1020,.525,.191,.273,3.7,19.0,11.5,12.4,2.5,2.1,14.3,12.1
Ryan Anderson\anderry01,PF,HOU,72,2116,.583,.655,.194,5.8,11.2,8.5,4.7,0.7,0.5,6.2,17.9
Giannis Antetokounmpo\antetgi01,SF,MIL,80,2845,.599,.143,.486,5.9,22.6,14.3,26.6,2.3,4.7,13.3,28.3
Carmelo Anthony\anthoca01,SF,NYK,74,2538,.535,.303,.263,2.6,15.9,9.3,14.5,1.2,1.1,9.0,29.1
Joel Anthony\anthojo01,C,SAS,19,122,.640,.000,.500,7.6,20.9,14.4,3.4,0.8,4.0,17.0,8.7
Trevor Ariza\arizatr01,SF,HOU,80,2773,.548,.695,.158,2.1,15.9,9.0,8.8,2.5,0.6,8.0,14.1
Darrell Arthur\arthuda01,PF,DEN,41,639,.583,.544,.102,4.4,14.9,9.7,9.3,1.5,2.5,13.8,17.3
Omer Asik\asikom01,C,NOP,31,482,.517,.000,.600,10.4,25.3,17.8,4.2,0.5,1.7,14.6,8.8
D.J. Augustin\augusdj01,PG,ORL,78,1538,.524,.530,.311,1.0,7.4,4.1,20.4,1.0,0.1,13.3,19.4
Luke Babbitt\babbilu01,SF,MIA,68,1065,.563,.747,.053,1.3,13.5,7.4,4.8,1.0,0.8,8.0,13.0
Ron Baker\bakerro01,SG,NYK,52,857,.456,.396,.198,1.5,10.8,6.2,17.3,2.0,0.8,19.2,14.8
Wade Baldwin\baldwwa01,PG,MEM,33,405,.404,.191,.322,3.0,10.2,6.5,22.8,2.3,1.7,23.4,19.2
Leandro Barbosa\barbole01,SG,PHO,67,963,.509,.250,.115,1.6,10.3,5.9,13.0,1.5,0.7,10.4,20.0
J.J. Barea\bareajo01,PG,DAL,35,771,.521,.431,.149,1.3,11.9,6.3,44.2,0.9,0.1,14.7,26.2
Harrison Barnes\barneha02,PF,DAL,79,2803,.541,.173,.220,3.7,13.2,8.2,7.8,1.2,0.5,6.8,25.3
Matt Barnes\barnema02,SF,TOT,74,1777,.514,.556,.188,4.6,19.9,12.4,15.6,1.3,1.3,17.3,15.6
Will Barton\bartowi01,SG,DEN,60,1705,.547,.353,.285,3.8,12.8,8.4,17.7,1.4,1.3,11.5,21.1
Brandon Bass\bassbr01,PF,LAC,52,577,.650,.016,.473,8.6,16.2,12.5,5.7,1.2,1.6,11.4,19.7
Nicolas Batum\batumni01,SG,CHO,77,2617,.529,.415,.291,1.9,18.4,10.1,27.6,1.6,1.0,15.0,22.3
Jerryd Bayless\bayleje01,PG,PHI,3,71,.453,.156,.313,4.6,14.0,9.3,29.4,0.0,0.0,19.8,27.7
Aron Baynes\baynear01,C,DET,75,1163,.570,.000,.337,10.0,21.6,15.6,3.9,0.7,2.8,13.5,14.1
Kent Bazemore\bazemke01,SF,ATL,73,1963,.504,.369,.233,2.6,10.3,6.5,14.2,2.3,2.3,13.6,20.5
Bradley Beal\bealbr01,SG,WAS,77,2684,.604,.418,.259,2.2,7.8,5.0,16.2,1.5,0.7,9.6,26.5
Malik Beasley\beaslma01,SG,DEN,22,165,.536,.384,.137,3.4,8.0,5.7,10.2,2.1,0.0,9.4,22.0
Michael Beasley\beaslmi01,PF,MIL,56,935,.584,.106,.259,5.0,18.9,12.0,9.9,1.5,2.5,12.7,25.3
Marco Belinelli\belinma01,SG,CHO,74,1778,.566,.460,.273,0.9,10.2,5.5,13.1,1.2,0.4,9.2,19.2
DeAndre' Bembry\bembrde01,SF,ATL,38,371,.481,.184,.163,4.2,13.1,8.7,11.5,1.1,1.2,13.2,14.2
Dragan Bender\bendedr01,PF,PHO,43,574,.440,.627,.068,4.2,15.6,9.7,5.5,0.8,3.1,16.2,14.4
Anthony Bennett\bennean01,PF,BRK,23,264,.533,.522,.391,10.1,21.0,15.6,7.1,0.9,0.9,10.0,19.4
Ben Bentil\bentibe01,PF,DAL,3,10,.000,.333,.000,0.0,24.4,11.6,0.0,0.0,0.0,25.0,18.9
Davis Bertans\bertada01,PF,SAS,67,808,.609,.739,.145,3.2,10.6,6.9,8.3,1.3,2.8,11.4,15.7
Patrick Beverley\beverpa01,SG,HOU,67,2058,.546,.530,.175,5.0,15.9,10.4,18.8,2.3,1.0,14.6,14.1
Bismack Biyombo\biyombi01,C,ORL,81,1793,.546,.000,.690,9.3,25.6,17.2,6.0,0.7,4.1,17.7,13.2
Nemanja Bjelica\bjeline01,PF,MIN,65,1190,.526,.497,.171,5.5,18.6,12.0,9.6,1.7,1.4,13.4,16.4
Tarik Black\blackta01,C,LAL,67,1091,.560,.007,.371,13.8,20.7,17.1,5.3,1.3,3.3,14.5,15.7
Eric Bledsoe\bledser01,PG,PHO,66,2176,.563,.300,.443,2.5,13.8,8.0,31.1,2.0,1.2,15.3,28.1
Bojan Bogdanovic\bogdabo02,SF,TOT,81,2083,.585,.464,.288,1.9,12.3,7.2,8.7,0.8,0.3,12.0,22.4
Andrew Bogut\bogutan01,C,TOT,27,583,.460,.012,.136,10.6,33.9,21.7,12.3,1.2,3.9,33.4,10.4
Joel Bolomboy\bolomjo01,PF,UTA,12,53,.590,.250,.375,9.0,27.6,18.5,6.3,1.0,3.1,9.7,18.2
Devin Booker\bookede01,SG,PHO,78,2730,.531,.283,.308,1.8,8.3,5.0,16.3,1.3,0.6,12.9,28.6
Trevor Booker\booketr01,PF,BRK,71,1754,.554,.132,.186,8.7,25.5,17.2,12.9,2.1,1.2,16.6,18.7
Avery Bradley\bradlav01,SG,BOS,55,1835,.548,.357,.120,4.0,16.2,10.1,10.9,1.8,0.5,9.7,21.9
Corey Brewer\breweco01,SF,TOT,82,1281,.491,.339,.195,2.7,11.5,7.1,10.7,2.3,1.2,12.7,14.3
Malcolm Brogdon\brogdma01,SG,MIL,75,1982,.555,.304,.198,2.8,9.6,6.3,24.3,2.2,0.5,14.1,18.5
Aaron Brooks\brookaa01,PG,IND,65,894,.507,.427,.133,2.3,6.3,4.3,20.7,1.4,0.9,17.2,19.2
Anthony Brown\brownan02,SF,TOT,11,159,.430,.540,.000,5.3,16.9,11.0,7.6,1.5,0.5,10.7,15.6
Bobby Brown\brownbo02,PG,HOU,25,123,.509,.583,.033,0.0,5.3,2.7,17.6,0.4,0.0,7.6,22.7
Jaylen Brown\brownja02,SF,BOS,78,1341,.539,.319,.293,3.8,14.4,9.1,7.2,1.3,1.1,12.5,18.1
Nicolas Brussino\brussni01,SF,DAL,54,521,.498,.674,.156,5.5,16.2,10.6,13.9,1.7,1.4,14.7,16.0
Reggie Bullock\bullore01,SF,DET,31,467,.538,.570,.055,2.9,12.4,7.5,8.8,1.9,0.5,7.1,13.4
Trey Burke\burketr01,PG,WAS,57,703,.532,.275,.114,1.1,6.4,3.8,20.7,0.8,0.6,15.2,19.6
Alec Burks\burksal01,SG,UTA,42,653,.501,.306,.315,3.1,17.7,10.6,7.5,1.4,0.6,11.0,22.7
Jimmy Butler\butleji01,SF,CHI,76,2809,.586,.198,.540,4.9,13.2,9.0,24.8,2.6,0.9,9.3,26.5
Bruno Caboclo\cabocbr01,SF,TOR,9,40,.438,.375,.000,14.2,14.1,14.1,15.1,2.5,2.2,11.1,20.1
Jose Calderon\caldejo01,PG,TOT,41,539,.506,.478,.090,3.0,12.2,7.5,23.3,1.0,0.2,22.7,14.4
Kentavious Caldwell-Pope\caldwke01,SG,DET,76,2529,.519,.471,.199,2.3,8.7,5.3,11.2,1.8,0.4,7.9,19.2
Isaiah Canaan\canaais01,SG,CHI,39,592,.483,.543,.191,1.1,7.9,4.5,9.0,1.9,0.1,9.6,15.3
Clint Capela\capelca01,C,HOU,65,1551,.638,.000,.314,12.5,24.5,18.5,6.9,1.1,4.2,12.0,19.9
DeMarre Carroll\carrode01,SF,TOR,72,1882,.531,.583,.213,3.8,12.7,8.3,5.7,2.2,1.2,8.3,15.5
Vince Carter\cartevi01,SF,MEM,73,1799,.542,.604,.235,2.2,12.5,7.2,11.5,1.7,1.9,8.5,14.9
Michael Carter-Williams\cartemi01,PG,CHI,45,846,.437,.209,.252,3.0,16.4,9.7,20.0,2.3,2.2,16.3,20.9
Omri Casspi\casspom01,SF,TOT,36,643,.523,.261,.176,4.9,15.2,10.1,8.6,1.8,0.4,14.0,14.5
Willie Cauley-Stein\caulewi01,C,SAC,75,1421,.558,.004,.314,7.0,20.5,13.8,9.4,1.9,2.9,11.2,19.6
Tyson Chandler\chandty01,C,PHO,47,1298,.703,.000,.544,12.6,33.1,22.6,3.3,1.2,1.5,19.2,11.3
Wilson Chandler\chandwi01,SF,DEN,71,2197,.545,.347,.207,5.2,17.7,11.5,9.8,1.2,1.1,10.0,22.0
Marquese Chriss\chrisma01,PF,PHO,82,1743,.529,.354,.286,5.8,16.1,10.8,5.2,1.8,3.2,13.2,19.7
Rakeem Christmas\chrisra01,PF,IND,29,219,.529,.000,.674,13.5,15.2,14.4,2.5,0.7,2.4,12.5,13.1
Semaj Christon\chrisse01,PG,OKC,64,973,.387,.283,.139,2.2,7.9,5.0,18.1,1.4,0.5,15.4,12.2
Ian Clark\clarkia01,SG,GSW,77,1137,.575,.376,.134,2.3,9.1,5.9,11.2,1.7,0.6,10.7,19.5
Jordan Clarkson\clarkjo01,SG,LAL,82,2397,.526,.332,.157,2.2,9.3,5.6,14.4,1.8,0.3,12.5,23.3
Norris Cole\coleno01,PG,OKC,13,125,.381,.250,.192,0.0,9.8,4.9,16.3,3.1,0.0,11.0,21.5
Darren Collison\collida01,PG,SAC,68,2063,.570,.245,.239,1.3,7.2,4.3,24.5,1.6,0.4,12.6,19.8
Nick Collison\collini01,PF,OKC,20,128,.622,.043,.348,7.8,18.2,13.0,13.2,0.8,1.2,13.1,10.1
Mike Conley\conlemi01,PG,MEM,69,2292,.604,.415,.365,1.5,10.8,6.0,34.5,2.1,0.8,11.8,26.3
Pat Connaughton\connapa01,SG,POR,39,316,.645,.458,.125,3.5,14.8,9.1,12.7,0.9,0.5,18.3,13.0
Quinn Cook\cookqu01,PG,TOT,14,188,.579,.394,.076,0.6,3.6,2.0,22.8,1.1,0.0,16.0,19.6
DeMarcus Cousins\couside01,C,TOT,72,2465,.562,.254,.468,7.1,29.2,18.2,25.8,2.0,3.3,13.5,36.5
Robert Covington\covinro01,SF,PHI,67,2119,.534,.563,.238,4.8,17.9,11.3,7.5,2.9,2.6,13.9,19.2
Allen Crabbe\crabbal01,SG,POR,79,2254,.602,.467,.192,0.9,10.2,5.5,6.1,1.2,0.7,8.1,14.9
Jamal Crawford\crawfja01,SG,LAC,82,2157,.526,.371,.234,0.9,5.7,3.3,15.1,1.4,0.5,12.3,22.7
Jordan Crawford\crawfjo02,SG,NOP,19,442,.582,.436,.119,0.9,7.2,4.1,22.7,1.2,0.4,9.8,25.5
Jae Crowder\crowdja01,SF,BOS,72,2335,.613,.547,.301,2.3,17.3,9.9,10.1,1.5,0.8,8.8,17.0
Dante Cunningham\cunnida01,SF,NOP,66,1649,.586,.504,.075,3.6,14.2,8.9,3.1,1.2,1.4,7.0,10.7
Seth Curry\curryse01,PG,DAL,70,2029,.601,.458,.142,1.4,9.2,5.1,15.9,2.0,0.3,11.0,19.5
Stephen Curry\curryst01,PG,GSW,79,2638,.624,.547,.251,2.7,11.4,7.3,31.1,2.6,0.5,13.0,30.1
Troy Daniels\danietr01,SG,MEM,67,1183,.531,.717,.109,2.0,7.9,4.8,6.6,0.9,0.3,8.0,21.7
Anthony Davis\davisan02,C,NOP,75,2708,.579,.088,.424,6.7,27.9,17.3,11.1,1.7,5.1,9.1,32.6
Deyonta Davis\davisde01,C,MEM,36,238,.528,.000,.383,9.3,19.8,14.4,1.3,0.7,6.8,12.7,12.0
Ed Davis\davised01,PF,POR,46,789,.563,.000,.570,13.4,20.7,17.1,4.8,0.9,2.2,17.2,12.0
Dewayne Dedmon\dedmode01,C,SAS,76,1330,.645,.000,.359,11.2,30.5,21.1,4.8,1.4,3.7,16.9,12.3
Sam Dekker\dekkesa01,SF,HOU,77,1419,.549,.436,.159,7.2,14.6,10.9,7.7,1.3,1.2,8.2,14.9
Malcolm Delaney\delanma01,PG,ATL,73,1248,.456,.284,.240,1.0,9.8,5.5,23.1,1.5,0.1,18.1,18.3
Matthew Dellavedova\dellama01,PG,MIL,76,1986,.501,.403,.180,1.4,7.1,4.3,25.7,1.4,0.0,18.8,16.3
Luol Deng\denglu01,SF,LAL,56,1486,.470,.389,.149,4.5,17.7,10.8,7.0,1.6,1.1,8.7,14.2
DeMar DeRozan\derozde01,SG,TOR,74,2620,.552,.080,.419,3.0,13.6,8.3,20.6,1.5,0.4,9.0,34.3
Cheick Diallo\diallch01,PF,NOP,17,199,.510,.000,.276,12.1,26.7,19.3,3.2,1.0,2.9,7.6,20.5
Boris Diaw\diawbo01,PF,UTA,73,1283,.494,.248,.107,4.3,9.8,7.1,20.3,0.7,0.6,20.3,15.6
Gorgui Dieng\dienggo01,PF,MIN,82,2653,.555,.065,.253,8.1,20.5,14.2,8.6,1.7,3.1,12.7,14.0
Spencer Dinwiddie\dinwisp01,PG,BRK,59,1334,.581,.334,.526,2.2,10.7,6.5,20.3,1.6,1.3,15.1,14.1
Toney Douglas\douglto01,PG,MEM,24,394,.451,.359,.248,3.7,14.3,8.9,22.2,2.4,1.2,13.9,17.4
Goran Dragic\dragigo01,PG,MIA,73,2459,.575,.257,.335,2.7,9.9,6.3,29.0,1.8,0.4,14.1,27.1
Andre Drummond\drumman01,C,DET,81,2409,.518,.008,.390,15.1,36.3,25.3,5.9,2.6,3.1,12.5,22.4
Jared Dudley\dudleja01,PF,PHO,64,1362,.579,.587,.188,2.4,15.9,9.0,12.5,1.5,0.9,16.1,13.7
Mike Dunleavy\dunlemi02,SF,TOT,53,841,.573,.609,.205,2.4,12.4,7.5,8.6,0.9,0.7,10.5,14.0
Kris Dunn\dunnkr01,PG,MIN,78,1333,.432,.233,.188,2.1,12.6,7.3,19.4,3.0,2.3,20.8,14.2
Kevin Durant\duranke01,SF,GSW,62,2070,.651,.304,.374,2.2,23.6,13.6,23.1,1.5,3.8,10.4,27.8
Jarell Eddie\eddieja01,SF,PHO,5,62,.523,.842,.474,1.7,10.8,6.1,0.0,0.8,0.0,4.2,16.2
Henry Ellenson\ellenhe01,PF,DET,19,146,.444,.547,.125,5.8,25.6,15.3,7.2,0.3,0.6,17.2,24.7
Wayne Ellington\ellinwa01,SG,MIA,62,1500,.565,.710,.077,1.3,8.6,4.9,7.1,1.2,0.2,5.0,17.9
Monta Ellis\ellismo01,SG,IND,74,1998,.514,.242,.230,1.1,10.3,5.7,17.2,2.0,1.2,18.0,16.8
Joel Embiid\embiijo01,C,PHI,31,786,.584,.228,.569,8.5,25.6,17.0,16.0,1.7,7.7,17.9,36.0
James Ennis\ennisja01,SF,MEM,64,1501,.581,.427,.343,5.1,14.9,9.9,6.5,1.6,1.2,13.8,13.0
Tyler Ennis\ennisty01,PG,TOT,53,588,.521,.337,.120,1.8,6.8,4.3,21.7,2.1,0.3,17.0,19.1
Tyreke Evans\evansty01,SF,TOT,40,788,.501,.319,.249,1.8,17.1,9.5,25.9,2.2,1.0,12.9,26.7
Dante Exum\exumda01,PG,UTA,66,1228,.521,.410,.201,2.9,9.3,6.2,14.2,0.9,0.8,16.8,18.1
Kenneth Faried\farieke01,PF,DEN,61,1296,.588,.014,.454,15.7,23.6,19.7,6.3,1.6,2.4,10.4,18.3
Jordan Farmar\farmajo01,PG,SAC,2,35,.500,.750,.000,3.3,6.5,4.9,38.6,2.9,0.0,20.0,19.4
Derrick Favors\favorde01,PF,UTA,50,1186,.512,.024,.261,9.2,20.2,14.9,7.9,2.0,2.7,11.4,20.7
Kay Felder\feldeka01,PG,CLE,42,386,.462,.139,.310,0.9,10.5,5.9,22.7,2.3,1.5,14.7,24.3
Cristiano Felicio\feliccr01,C,CHI,66,1040,.601,.000,.419,12.8,19.5,16.1,5.7,1.2,1.2,11.2,12.4
Raymond Felton\feltora01,PG,LAC,80,1700,.496,.280,.125,2.2,11.8,7.1,16.3,2.0,1.1,13.3,16.5
Yogi Ferrell\ferreyo01,PG,TOT,46,1197,.533,.447,.226,1.8,9.2,5.3,23.2,1.8,0.7,13.9,19.6
Dorian Finney-Smith\finnedo01,PF,DAL,81,1642,.486,.574,.183,3.7,12.3,7.8,6.0,1.6,1.4,11.1,11.6
Bryn Forbes\forbebr01,SG,SAS,36,285,.462,.535,.061,0.8,8.2,4.6,11.7,0.2,0.0,9.8,17.9
Evan Fournier\fournev01,SG,ORL,68,2234,.555,.387,.298,2.1,8.3,5.1,14.8,1.5,0.1,11.8,23.5
Randy Foye\foyera01,SG,BRK,69,1284,.506,.625,.194,0.8,11.9,6.4,15.2,1.3,0.5,18.5,14.4
Tim Frazier\fraziti01,PG,NOP,65,1525,.504,.317,.319,2.3,9.7,6.0,31.4,1.8,0.3,18.0,16.3
Channing Frye\fryech01,C,CLE,74,1398,.612,.644,.142,3.0,19.3,11.4,4.9,1.2,2.1,8.8,19.3
Danilo Gallinari\gallida01,SF,DEN,63,2134,.622,.432,.516,2.0,14.7,8.4,9.1,0.9,0.5,8.1,19.9
Langston Galloway\gallola01,PG,TOT,74,1495,.510,.565,.117,1.9,9.3,5.6,9.4,1.5,0.3,7.4,18.4
Patricio Garino\garinpa01,SG,ORL,5,43,.000,.714,.000,2.5,15.6,8.9,0.0,0.0,0.0,30.0,10.2
Marc Gasol\gasolma01,C,MEM,74,2531,.554,.231,.286,2.6,18.7,10.4,24.8,1.4,3.7,11.3,26.4
Pau Gasol\gasolpa01,C,SAS,64,1627,.578,.172,.305,7.6,26.8,17.4,14.7,0.8,3.5,10.6,21.3
Rudy Gay\gayru01,SF,SAC,30,1013,.559,.256,.312,4.0,17.5,10.8,13.9,2.2,2.3,12.8,25.8
Michael Gbinije\gbinimi01,SG,DET,9,32,.184,.400,.200,6.6,3.5,5.1,7.9,0.0,0.0,0.0,15.0
Alonzo Gee\geeal01,SF,DEN,13,89,.306,.214,.643,5.0,13.5,9.3,8.2,2.7,0.9,18.2,10.5
Paul George\georgpa01,SF,IND,75,2689,.586,.368,.277,2.5,17.9,10.3,16.1,2.2,0.9,12.6,28.9
Marcus Georges-Hunt\georgma01,SG,ORL,5,48,.614,.286,1.429,2.2,18.7,10.2,8.3,1.0,0.0,14.9,12.3
Jonathan Gibson\gibsojo01,PG,DAL,17,231,.492,.474,.305,0.5,11.1,5.5,18.8,1.8,0.0,16.3,26.3
Taj Gibson\gibsota01,PF,TOT,78,1989,.543,.018,.223,8.6,18.0,13.2,5.9,1.1,2.6,11.9,19.3
Manu Ginobili\ginobma01,SG,SAS,69,1291,.532,.517,.244,2.5,11.1,6.9,20.8,3.2,1.0,16.5,20.4
Rudy Gobert\goberru01,C,UTA,81,2744,.682,.002,.763,13.6,29.5,21.8,5.7,0.9,6.4,15.1,16.7
Archie Goodwin\goodwar01,SG,TOT,15,214,.651,.227,.636,3.5,10.3,6.9,18.5,0.9,1.8,14.2,19.8
Aaron Gordon\gordoaa01,SF,ORL,80,2298,.530,.309,.251,5.3,14.1,9.6,10.5,1.4,1.4,8.5,20.1
Eric Gordon\gordoer01,SG,HOU,75,2323,.557,.651,.172,1.4,8.1,4.7,12.3,1.0,1.4,10.0,22.1
Marcin Gortat\gortama01,C,WAS,82,2556,.593,.003,.236,10.6,26.8,18.7,6.8,0.8,2.1,13.7,14.7
Treveon Graham\grahatr01,SG,CHO,27,189,.612,.375,.375,2.9,10.0,6.4,4.7,1.6,0.5,6.0,11.8
Jerami Grant\grantje01,SF,TOT,80,1531,.556,.354,.448,2.7,12.2,7.4,4.2,1.1,4.1,10.1,12.1
Jerian Grant\grantje02,PG,CHI,63,1028,.555,.445,.243,1.8,9.9,5.8,17.3,2.3,0.6,11.7,16.0
Danny Green\greenda02,SG,SAS,68,1807,.537,.693,.071,2.0,11.8,7.0,9.6,2.0,2.6,14.1,13.5
Draymond Green\greendr01,PF,GSW,76,2471,.522,.405,.328,4.6,20.9,13.3,27.6,3.0,3.4,19.8,16.2
Gerald Green\greenge01,SF,BOS,47,538,.524,.478,.177,3.6,13.9,8.8,9.8,0.8,1.1,9.1,22.7
JaMychal Green\greenja01,PF,MEM,77,2101,.601,.290,.334,8.8,21.1,14.8,6.3,1.1,1.5,14.1,14.4
Jeff Green\greenje02,PF,ORL,69,1534,.505,.346,.301,2.7,12.8,7.6,8.1,1.2,0.7,10.6,20.3
Blake Griffin\griffbl01,PF,LAC,61,2076,.569,.116,.434,6.1,20.2,13.4,24.5,1.4,0.9,10.9,28.0
Justin Hamilton\hamilju01,C,BRK,64,1177,.550,.478,.137,6.5,17.0,11.8,7.3,1.2,2.8,9.7,16.2
A.J. Hammons\hammoaj01,C,DAL,22,163,.472,.238,.476,5.4,20.9,12.8,3.8,0.3,7.2,16.4,17.6
Tim Hardaway\hardati02,SG,ATL,79,2154,.568,.457,.235,1.8,9.5,5.7,14.3,1.3,0.6,9.5,22.5
James Harden\hardeja01,PG,HOU,81,2947,.613,.493,.575,3.5,20.9,12.2,50.7,2.0,1.0,19.5,34.2
Maurice Harkless\harklma01,SF,POR,77,2223,.570,.311,.199,6.2,10.8,8.5,6.0,1.9,2.5,11.1,15.1
Justin Harper\harpeju01,PF,PHI,3,31,.500,.583,.000,7.1,10.7,8.9,10.5,0.0,0.0,25.0,22.4
Montrezl Harrell\harremo01,C,HOU,58,1064,.662,.020,.351,8.3,14.2,11.2,9.6,0.9,3.2,9.9,17.6
Devin Harris\harride01,PG,DAL,65,1087,.549,.519,.378,1.1,13.0,6.8,20.0,2.1,0.6,12.5,19.7
Gary Harris\harriga01,SG,DEN,57,1782,.611,.400,.210,3.0,8.0,5.5,13.6,1.9,0.3,9.8,18.4
Joe Harris\harrijo01,SG,BRK,52,1138,.558,.610,.135,1.5,12.0,6.8,7.3,1.2,0.5,12.5,16.5
Manny Harris\harrima01,SG,DAL,4,25,.239,.133,.267,13.3,29.3,20.9,12.7,0.0,0.0,10.7,35.4
Tobias Harris\harrito02,PF,DET,82,2567,.568,.295,.213,2.6,15.6,8.8,8.8,1.2,1.3,7.6,21.7
Aaron Harrison\harriaa01,SG,CHO,5,17,.102,.500,.500,0.0,19.5,9.7,22.6,0.0,0.0,0.0,12.9
Andrew Harrison\harrian01,PG,MEM,72,1474,.477,.433,.539,1.7,9.0,5.3,20.0,1.9,1.3,16.0,16.4
Udonis Haslem\hasleud01,C,MIA,17,130,.524,.130,.652,6.7,24.1,15.3,6.4,1.9,0.6,21.3,12.8
Spencer Hawes\hawessp01,PF,TOT,54,797,.562,.292,.188,5.3,21.5,13.4,16.5,0.9,3.3,14.0,19.8
Gordon Hayward\haywago01,SF,UTA,73,2516,.595,.324,.371,2.3,15.4,9.0,18.2,1.5,0.6,9.4,27.6
Gerald Henderson\hendege02,SG,PHI,72,1667,.529,.313,.298,2.2,10.0,6.1,10.5,1.2,0.7,9.0,17.9
John Henson\hensojo01,C,MIL,58,1123,.550,.003,.346,9.6,20.8,15.3,7.7,1.3,6.1,13.0,16.6
Juan Hernangomez\hernaju01,PF,DEN,62,842,.592,.504,.339,5.7,18.7,12.3,4.7,1.7,1.1,10.7,14.6
Willy Hernangomez\hernawi01,C,NYK,72,1324,.564,.032,.269,13.8,27.1,20.4,11.5,1.5,2.2,16.1,20.3
Mario Hezonja\hezonma01,SF,ORL,65,960,.450,.436,.152,2.2,14.7,8.3,9.6,1.5,1.2,14.1,18.8
Roy Hibbert\hibbero01,C,TOT,48,682,.614,.000,.510,8.7,16.2,12.4,4.6,0.6,5.9,15.1,14.0
Buddy Hield\hieldbu01,SG,TOT,82,1888,.540,.493,.099,2.0,13.5,7.8,10.3,1.0,0.4,11.2,21.4
Nene Hilario\hilarne01,C,HOU,67,1198,.630,.023,.496,8.6,16.9,12.8,8.6,2.2,2.7,13.1,19.7
George Hill\hillge01,PG,UTA,49,1544,.599,.384,.323,1.8,10.5,6.2,22.6,1.7,0.6,10.9,23.5
Jordan Hill\hilljo01,C,MIN,7,47,.432,.000,.154,19.6,15.1,17.4,0.0,1.1,0.0,22.4,16.8
Solomon Hill\hillso01,SF,NOP,80,2374,.528,.566,.268,2.3,11.4,6.8,8.1,1.5,1.1,13.3,11.5
Darrun Hilliard\hillida01,SG,DET,39,381,.459,.365,.222,0.6,9.2,4.7,12.3,1.5,0.4,16.8,19.3
Jrue Holiday\holidjr01,PG,NOP,67,2190,.532,.314,.188,2.2,10.6,6.4,35.9,2.2,1.6,16.7,23.5
Justin Holiday\holidju01,SG,NYK,82,1639,.549,.507,.149,1.8,13.1,7.4,9.2,2.0,1.5,10.3,16.9
Rondae Hollis-Jefferson\holliro01,SF,BRK,78,1761,.517,.124,.467,5.8,21.1,13.6,13.4,2.2,1.9,15.1,18.7
Richaun Holmes\holmeri01,C,PHI,57,1193,.611,.187,.250,8.7,20.1,14.4,8.3,1.7,3.7,10.7,18.6
Rodney Hood\hoodro01,SG,UTA,59,1593,.522,.461,.173,1.2,13.1,7.3,10.1,1.3,0.6,8.3,22.9
Al Horford\horfoal01,C,BOS,68,2193,.553,.302,.169,4.9,18.6,11.8,24.4,1.2,3.3,11.9,19.8
Danuel House\houseda01,SG,WAS,1,1,,,,0.0,100.0,56.4,0.0,0.0,0.0,,0.0
Dwight Howard\howardw01,C,ATL,74,2199,.627,.003,.692,15.0,31.7,23.5,7.8,1.4,3.6,17.5,19.2
Marcelo Huertas\huertma01,PG,LAL,23,237,.417,.279,.250,0.9,10.5,5.5,30.8,2.1,0.7,20.1,17.0
Josh Huestis\huestjo01,PF,OKC,2,31,.612,.364,.091,14.3,17.9,16.1,15.5,0.0,7.7,0.0,15.7
Kris Humphries\humphkr01,PF,ATL,56,689,.514,.252,.383,9.7,23.0,16.4,6.4,1.1,2.6,10.1,17.6
R.J. Hunter\hunterj01,SG,CHI,3,9,.000,1.000,.000,0.0,12.1,6.0,0.0,0.0,0.0,0.0,4.8
Serge Ibaka\ibakase01,PF,TOT,79,2422,.566,.323,.127,5.7,19.0,12.2,5.2,0.8,4.2,9.2,20.9
Andre Iguodala\iguodan01,SF,GSW,76,1998,.624,.427,.246,3.0,13.1,8.3,16.7,1.8,1.5,11.2,11.2
Ersan Ilyasova\ilyaser01,PF,TOT,82,2142,.546,.452,.233,5.9,18.8,12.4,11.0,1.3,0.9,10.6,22.2
Joe Ingles\inglejo01,SF,UTA,82,1972,.604,.619,.151,1.4,13.5,7.6,17.1,2.6,0.3,18.2,13.9
Brandon Ingram\ingrabr01,SF,LAL,79,2279,.474,.273,.312,2.8,12.8,7.6,10.5,1.1,1.3,12.9,16.8
Kyrie Irving\irvinky01,PG,CLE,72,2525,.580,.311,.231,2.3,7.5,5.0,29.7,1.6,0.8,10.3,30.8
Jarrett Jack\jackja01,PG,NOP,2,33,.773,.333,.667,0.0,0.0,0.0,20.3,3.0,0.0,43.6,9.2
Demetrius Jackson\jacksde01,PG,BOS,5,17,.753,.250,1.500,13.2,13.0,13.1,28.2,0.0,0.0,0.0,17.3
Pierre Jackson\jackspi01,PG,DAL,8,84,.416,.282,.179,1.3,11.6,6.2,38.0,1.2,0.0,6.7,25.3
Reggie Jackson\jacksre01,PG,DET,52,1424,.510,.272,.201,1.6,7.3,4.3,30.3,1.2,0.3,13.4,26.4
LeBron James\jamesle01,SF,CLE,74,2794,.619,.254,.395,4.0,20.7,12.6,41.3,1.6,1.3,16.1,30.0
Al Jefferson\jeffeal01,C,IND,66,931,.526,.002,.180,9.2,24.2,16.8,11.0,1.0,1.5,6.1,26.1
Richard Jefferson\jefferi01,SF,CLE,79,1614,.574,.542,.315,2.0,11.5,6.9,6.6,0.8,0.5,11.8,12.2
John Jenkins\jenkijo01,SG,PHO,4,13,.595,.400,.400,0.0,8.6,4.2,11.5,0.0,0.0,0.0,18.9
Brandon Jennings\jennibr01,PG,TOT,81,1802,.479,.471,.284,1.8,10.1,5.9,30.4,1.9,0.2,17.5,17.6
Jonas Jerebko\jerebjo01,PF,BOS,78,1232,.537,.496,.141,5.5,19.1,12.3,8.1,1.0,1.1,12.3,11.4
Amir Johnson\johnsam01,PF,BOS,80,1608,.628,.178,.270,8.2,17.0,12.6,13.0,1.6,3.2,15.7,13.6
Brice Johnson\johnsbr02,PF,LAC,3,9,.286,.000,.000,12.8,24.2,18.6,18.6,11.1,9.1,12.5,39.8
James Johnson\johnsja01,PF,MIA,76,2085,.564,.333,.280,3.5,16.6,9.9,20.9,1.8,3.2,16.5,22.0
Joe Johnson\johnsjo02,SF,UTA,78,1843,.542,.412,.123,2.1,12.7,7.6,12.6,1.0,0.8,9.5,18.5
Stanley Johnson\johnsst04,SF,DET,77,1371,.436,.422,.145,2.8,12.7,7.5,10.5,2.1,1.5,15.5,14.8
Tyler Johnson\johnsty01,PG,MIA,73,2178,.535,.303,.308,2.5,12.5,7.4,16.6,1.9,1.6,8.8,20.9
Wesley Johnson\johnswe01,SF,LAC,68,810,.448,.590,.085,3.7,20.8,12.5,3.9,1.8,3.0,8.0,12.5
Nikola Jokic\jokicni01,C,DEN,73,2038,.640,.163,.267,11.6,27.2,19.5,28.8,1.5,2.1,15.2,23.5
Dahntay Jones\jonesda02,SF,CLE,1,12,.461,.250,.500,9.5,8.9,9.2,14.5,0.0,0.0,9.3,39.9
Damian Jones\jonesda03,C,GSW,10,85,.466,.000,.625,12.4,17.0,14.8,0.0,0.6,3.7,22.7,13.4
Derrick Jones\jonesde02,SF,PHO,32,545,.604,.091,.339,7.6,8.2,7.9,3.1,1.2,1.9,8.6,11.7
James Jones\jonesja02,SF,CLE,48,381,.655,.717,.217,0.9,9.8,5.5,5.2,0.9,2.1,9.0,13.0
Terrence Jones\joneste01,PF,TOT,54,1270,.516,.153,.346,5.4,20.2,12.7,7.3,1.5,3.5,7.8,21.4
Tyus Jones\jonesty01,PG,MIN,60,774,.523,.403,.238,1.5,8.7,5.0,28.0,3.1,0.6,16.0,13.6
DeAndre Jordan\jordade01,C,LAC,81,2570,.673,.003,.737,13.3,34.6,24.2,5.7,1.0,4.3,13.2,15.3
Cory Joseph\josepco01,SG,TOR,80,2003,.518,.204,.185,2.9,10.4,6.6,20.0,1.7,0.6,13.1,18.4
Frank Kaminsky\kaminfr01,C,CHO,75,1954,.502,.441,.195,3.2,15.8,9.5,13.5,1.2,1.5,8.0,21.8
Enes Kanter\kanteen01,C,OKC,72,1533,.599,.052,.387,14.1,20.8,17.4,7.9,1.0,2.0,12.5,27.3
Ryan Kelly\kellyry01,PF,ATL,16,110,.408,.357,.214,1.0,16.7,9.0,10.2,1.8,3.9,11.5,13.7
Michael Kidd-Gilchrist\kiddgmi01,SF,CHO,81,2349,.528,.015,.314,7.3,19.3,13.2,7.4,1.7,2.9,7.4,14.6
Sean Kilpatrick\kilpase01,SG,BRK,70,1754,.546,.419,.329,1.3,15.4,8.4,14.6,1.2,0.3,13.9,23.9
Brandon Knight\knighbr03,SG,PHO,54,1140,.502,.265,.293,2.3,9.1,5.6,17.8,1.1,0.4,13.1,25.0
Kyle Korver\korveky01,SG,TOT,67,1753,.635,.697,.082,0.5,11.0,5.9,9.4,1.0,1.0,11.5,15.2
Kosta Koufos\koufoko01,C,SAC,71,1419,.560,.003,.158,9.7,22.9,16.4,5.3,1.3,3.1,12.7,15.3
Mindaugas Kuzminskas\kuzmimi01,SF,NYK,68,1016,.533,.455,.184,5.0,8.4,6.7,10.3,1.4,0.9,11.3,19.2
Skal Labissiere\labissk01,PF,SAC,33,612,.577,.037,.339,9.7,20.7,15.3,7.5,1.3,1.9,12.9,21.3
Jeremy Lamb\lambje01,SG,CHO,62,1143,.550,.297,.263,2.9,22.7,12.7,11.3,1.2,1.8,6.8,23.2
Nicolas Laprovittola\laproni01,PG,SAS,18,174,.579,.574,.191,0.7,5.7,3.3,23.0,1.2,0.5,27.2,18.2
Joffrey Lauvergne\lauvejo01,PF-C,TOT,70,980,.509,.292,.217,8.0,20.1,14.1,10.8,1.3,0.5,13.2,18.5
Zach LaVine\lavinza01,SG,MIN,47,1749,.576,.437,.197,1.2,9.5,5.3,12.6,1.2,0.5,9.9,21.7
Ty Lawson\lawsoty01,PG,SAC,69,1732,.551,.226,.416,3.0,8.9,6.0,30.0,2.2,0.3,17.3,19.5
Jake Layman\laymaja01,SF,POR,35,249,.404,.573,.191,2.7,8.0,5.3,6.2,1.8,1.0,10.2,19.0
Courtney Lee\leeco01,SG,NYK,77,2459,.559,.382,.139,2.3,9.1,5.7,10.6,1.6,0.8,8.5,14.4
David Lee\leeda02,PF,SAS,79,1477,.613,.000,.269,11.6,21.9,16.9,13.0,1.1,2.2,14.9,16.9
Alex Len\lenal01,C,PHO,77,1560,.553,.026,.449,10.6,25.3,17.8,4.2,1.1,5.1,15.5,17.6
Kawhi Leonard\leonaka01,SF,SAS,74,2474,.611,.294,.407,3.7,15.7,9.8,18.9,2.7,1.8,9.1,31.1
Meyers Leonard\leoname01,PF,POR,74,1222,.507,.563,.106,2.4,19.0,10.7,8.4,0.5,1.8,8.1,15.5
Jon Leuer\leuerjo01,PF,DET,75,1944,.551,.259,.175,5.5,17.5,11.3,8.6,0.8,1.1,8.7,17.3
Caris LeVert\leverca01,SF,BRK,57,1237,.556,.484,.245,2.0,13.9,8.0,13.7,1.9,0.5,12.3,16.6
DeAndre Liggins\liggide01,SG,TOT,62,777,.476,.324,.282,2.9,12.2,7.7,9.2,3.0,1.5,20.8,11.6
Damian Lillard\lillada01,PG,POR,75,2694,.586,.388,.366,1.9,13.3,7.6,28.7,1.3,0.6,10.2,31.5
Jeremy Lin\linje01,PG,BRK,36,883,.566,.390,.353,1.3,14.7,8.1,35.5,2.2,1.2,15.7,26.6
Shaun Livingston\livinsh01,PG,GSW,76,1345,.568,.009,.190,2.4,9.4,6.2,13.5,1.4,1.2,15.1,12.9
Shawn Long\longsh01,C,PHI,18,234,.595,.174,.321,19.3,20.8,20.0,10.7,1.9,3.1,9.5,25.4
Kevon Looney\looneke01,C,GSW,53,447,.553,.084,.318,11.5,18.5,15.2,8.5,1.5,3.0,12.2,13.4
Brook Lopez\lopezbr01,C,BRK,75,2222,.578,.330,.311,5.8,13.3,9.6,14.8,0.8,4.2,12.1,29.2
Robin Lopez\lopezro01,C,CHI,81,2271,.511,.003,.134,11.4,13.2,12.3,5.6,0.4,4.1,9.9,17.5
Kevin Love\loveke01,PF,CLE,60,1885,.573,.449,.340,8.9,29.3,19.5,9.8,1.4,0.9,10.9,26.4
Kyle Lowry\lowryky01,PG,TOR,60,2244,.623,.510,.398,2.4,12.1,7.3,29.9,2.0,0.7,13.8,24.9
John Lucas III\lucasjo02,PG,MIN,5,11,.250,.250,.000,0.0,0.0,0.0,12.5,9.2,0.0,0.0,16.1
Timothe Luwawu-Cabarrot\luwawti01,SF,PHI,69,1190,.536,.446,.341,2.3,11.5,6.9,9.6,1.3,0.7,15.0,17.8
Trey Lyles\lylestr01,PF,UTA,71,1158,.464,.465,.180,4.9,18.1,11.7,9.6,1.2,1.4,11.9,21.7
Shelvin Mack\macksh01,PG,UTA,55,1205,.518,.315,.202,2.0,10.1,6.1,20.4,1.8,0.2,17.8,19.6
Ian Mahinmi\mahinia01,C,WAS,31,555,.601,.000,.676,9.6,20.8,15.2,4.7,2.9,3.6,19.1,14.0
Thon Maker\makerth01,C,MIL,57,562,.558,.409,.271,8.4,15.2,11.8,6.2,0.9,4.1,7.7,17.8
Boban Marjanovic\marjabo01,C,DET,35,293,.606,.000,.439,16.5,32.5,24.2,5.3,1.0,3.4,6.0,25.3
Jarell Martin\martija01,PF,MEM,42,558,.477,.166,.331,8.4,25.3,16.6,2.2,1.6,1.5,13.9,16.4
Wesley Matthews\matthwe02,SG,DAL,73,2495,.533,.566,.211,0.8,11.8,6.0,13.6,1.6,0.6,9.9,19.4
Luc Mbah a Moute\mbahalu01,SF,LAC,80,1787,.581,.291,.230,3.0,7.7,5.4,3.1,2.3,1.6,10.1,11.6
James Michael McAdoo\mcadoja01,PF,GSW,52,457,.543,.068,.359,8.7,12.6,10.8,4.9,1.9,5.0,12.3,14.6
Patrick McCaw\mccawpa01,SG,GSW,71,1074,.540,.502,.151,2.4,7.6,5.2,9.0,1.4,1.1,12.1,11.9
Sheldon McClellan\mcclesh01,SG,WAS,30,287,.518,.400,.360,1.6,11.7,6.7,7.0,1.4,0.6,5.4,14.0
C.J. McCollum\mccolcj01,SG,POR,80,2796,.585,.305,.204,2.4,9.2,5.8,18.0,1.3,1.2,9.9,27.5
T.J. McConnell\mccontj01,PG,PHI,81,2133,.504,.107,.176,2.0,11.0,6.5,37.5,3.1,0.4,22.4,14.4
Chris McCullough\mcculch01,PF,TOT,16,80,.526,.219,.156,12.1,13.3,12.7,4.4,1.2,1.9,8.1,19.9
K.J. McDaniels\mcdankj01,SF,TOT,49,505,.555,.391,.225,3.2,14.1,8.7,4.0,1.8,2.8,13.5,18.1
Doug McDermott\mcderdo01,SF,TOT,66,1508,.554,.416,.169,1.4,11.5,6.4,5.9,0.4,0.3,6.6,16.4
JaVale McGee\mcgeeja01,C,GSW,77,739,.642,.013,.348,15.8,20.1,18.1,3.8,1.2,7.1,9.8,23.8
Rodney McGruder\mcgruro01,SG,MIA,78,1966,.506,.478,.154,5.3,9.2,7.2,8.8,1.2,0.7,10.2,12.3
Ben McLemore\mclembe01,SG,SAC,61,1176,.538,.406,.222,1.9,10.8,6.4,6.9,1.2,0.5,11.9,20.1
Jordan McRae\mcraejo01,SG,CLE,37,384,.488,.340,.227,1.8,9.5,5.7,7.4,1.0,1.3,7.8,20.8
Josh McRoberts\mcrobjo01,PF,MIA,22,381,.439,.263,.076,6.6,15.0,10.7,18.9,1.3,0.8,15.9,16.9
Jodie Meeks\meeksjo01,SG,ORL,36,738,.567,.535,.289,0.7,10.9,5.7,9.3,2.3,0.4,11.1,19.4
Salah Mejri\mejrisa01,C,DAL,73,905,.650,.022,.445,11.9,28.4,19.8,2.4,1.8,6.1,19.6,10.6
Jordan Mickey\mickejo01,PF,BOS,25,141,.473,.029,.412,10.4,16.4,13.4,7.1,1.1,3.5,18.3,15.5
Khris Middleton\middlkh01,SF,MIL,29,889,.570,.312,.276,1.5,14.5,8.1,17.5,2.3,0.7,14.8,22.5
C.J. Miles\milescj01,SF,IND,76,1776,.592,.632,.144,1.9,12.4,7.2,4.1,1.3,1.2,5.5,18.4
Mike Miller\millemi01,SF,DEN,20,151,.586,.870,.087,2.2,26.1,14.3,18.3,0.6,0.0,35.2,10.4
Patty Mills\millspa02,PG,SAS,80,1754,.577,.572,.129,1.6,7.4,4.6,24.3,1.9,0.1,13.3,19.5
Elijah Millsap\millsel01,SG,PHO,2,23,.190,.286,.286,13.8,14.6,14.2,5.6,0.0,0.0,20.2,18.0
Paul Millsap\millspa01,PF,ATL,69,2343,.542,.248,.417,5.3,19.5,12.5,17.9,1.9,2.3,12.1,24.4
Nikola Mirotic\mirotni01,PF,CHI,70,1679,.546,.603,.205,3.9,20.9,12.3,6.9,1.6,2.7,10.4,19.8
Greg Monroe\monrogr01,C,MIL,81,1823,.572,.006,.329,10.8,23.1,17.0,17.3,2.6,1.8,14.4,24.3
E'Twaun Moore\mooreet01,SG,NOP,73,1820,.537,.336,.120,1.9,6.9,4.4,13.8,1.3,1.4,8.7,17.4
Marcus Morris\morrima03,SF,DET,79,2565,.508,.355,.184,3.2,12.8,7.8,9.4,1.0,0.8,7.4,20.3
Markieff Morris\morrima02,PF,WAS,76,2374,.540,.220,.242,5.1,18.2,11.7,7.8,1.7,1.5,11.6,20.5
Anthony Morrow\morroan01,SG,TOT,49,714,.505,.528,.147,1.9,2.9,2.4,5.2,1.7,0.2,2.2,16.4
Donatas Motiejunas\motiedo01,PF,NOP,34,479,.470,.341,.355,5.7,16.6,11.1,10.3,1.8,1.9,16.3,17.6
Timofey Mozgov\mozgoti01,C,LAL,54,1104,.553,.003,.238,9.9,16.4,13.1,5.9,0.7,2.3,16.6,16.8
Emmanuel Mudiay\mudiaem01,PG,DEN,55,1406,.483,.323,.303,2.3,11.6,7.0,21.8,1.4,0.7,16.5,22.6
Shabazz Muhammad\muhamsh01,SF,MIN,78,1516,.566,.244,.318,6.4,10.6,8.5,3.7,0.7,0.3,7.6,21.5
Dejounte Murray\murrade01,PG,SAS,38,322,.503,.198,.259,2.2,12.4,7.4,22.6,1.3,1.5,22.7,23.5
Jamal Murray\murraja01,SG,DEN,82,1764,.518,.471,.164,2.6,10.7,6.7,14.0,1.4,1.1,12.6,21.6
Mike Muscala\muscami01,C,ATL,70,1237,.596,.326,.190,6.9,14.4,10.7,11.9,1.2,2.8,13.1,14.8
Larry Nance Jr.\nancela02,PF,LAL,63,1442,.567,.100,.222,8.8,19.6,14.0,9.7,2.8,2.3,12.4,13.4
Shabazz Napier\napiesh01,PG,POR,53,512,.533,.503,.268,1.7,11.5,6.6,19.5,3.1,0.3,16.7,21.2
Maurice Ndour\ndourma01,PF,NYK,32,331,.503,.081,.302,7.1,13.7,10.4,3.5,2.3,2.0,11.0,14.3
Gary Neal\nealga01,SG,ATL,2,18,.228,.286,.571,0.0,6.0,3.1,7.1,0.0,0.0,0.0,21.2
Jameer Nelson\nelsoja01,PG,DEN,75,2045,.544,.452,.104,1.5,8.8,5.2,26.0,1.3,0.3,17.0,15.8
Raul Neto\netora01,PG,UTA,40,346,.527,.341,.099,1.4,8.4,5.0,15.1,3.2,1.2,13.6,14.8
Georges Niang\niangge01,PF,IND,23,93,.285,.333,.056,2.4,17.9,10.3,7.5,1.6,0.0,11.9,20.2
Andrew Nicholson\nichoan01,PF,TOT,38,342,.427,.243,.126,4.9,14.6,9.8,4.1,2.3,1.5,12.7,17.0
Joakim Noah\noahjo01,C,NYK,46,1015,.493,.005,.388,17.0,25.7,21.3,14.1,1.5,3.0,19.8,12.5
Nerlens Noel\noelne01,C,TOT,51,1047,.622,.003,.359,9.8,22.3,15.9,8.1,3.1,4.1,12.5,17.6
Lucas Nogueira\noguelu01,C,TOR,57,1088,.682,.077,.429,8.5,16.7,12.6,5.4,2.4,7.2,19.9,9.5
Steve Novak\novakst01,PF,MIL,8,22,.357,.857,.000,0.0,15.7,7.9,0.0,0.0,0.0,0.0,14.5
Dirk Nowitzki\nowitdi01,PF,DAL,54,1424,.529,.308,.165,1.8,28.3,14.4,10.6,1.1,2.4,6.6,25.8
Jusuf Nurkic\nurkiju01,C,TOT,65,1391,.528,.002,.393,12.3,24.8,18.6,13.9,1.8,4.2,18.6,23.9
David Nwaba\nwabada01,SG,LAL,20,397,.611,.062,.481,4.3,13.1,8.5,5.0,1.6,1.4,10.1,11.8
Johnny O'Bryant\obryajo01,PF,TOT,11,80,.582,.200,.200,12.4,13.7,13.1,12.7,0.0,1.0,15.5,21.1
Kyle O'Quinn\oquinky01,C,NYK,79,1229,.552,.041,.201,13.7,24.8,19.2,14.8,1.5,6.9,14.5,18.5
Daniel Ochefu\ochefda01,C,WAS,19,75,.430,.000,.074,7.6,25.4,16.5,5.8,1.3,0.0,9.7,18.0
Jahlil Okafor\okafoja01,C,PHI,50,1134,.546,.000,.335,7.9,15.5,11.7,9.0,0.9,3.4,14.4,24.1
Victor Oladipo\oladivi01,SG,OKC,67,2222,.534,.378,.165,1.9,12.6,7.2,12.5,1.7,0.8,10.6,21.4
Kelly Olynyk\olynyke01,C,BOS,75,1538,.603,.378,.242,5.3,20.7,13.0,15.2,1.4,1.5,14.6,19.0
Arinze Onuaku\onuakar01,C,ORL,8,28,.500,.000,.000,7.6,16.0,11.7,9.9,0.0,2.9,33.3,9.4
Chinanu Onuaku\onuakch01,C,HOU,5,52,.799,.000,.571,4.2,16.8,10.5,7.8,2.8,1.6,31.3,10.4
Kelly Oubre\oubreke01,SF,WAS,79,1605,.516,.425,.224,4.3,13.9,9.1,4.0,1.8,0.9,9.2,14.5
Zaza Pachulia\pachuza01,C,GSW,70,1268,.588,.007,.410,12.9,22.0,17.7,13.6,2.2,2.0,19.5,15.3
Georgios Papagiannis\papagge01,C,SAC,22,355,.573,.020,.137,7.9,19.9,14.0,9.0,0.4,4.4,18.2,16.9
Jabari Parker\parkeja01,PF,MIL,51,1728,.563,.219,.268,5.4,15.7,10.6,14.3,1.5,1.1,9.2,26.5
Tony Parker\parketo01,PG,SAS,63,1587,.514,.121,.206,0.7,7.3,4.0,27.8,1.1,0.1,12.5,20.2
Chandler Parsons\parsoch01,SF,MEM,34,675,.436,.419,.194,1.0,13.6,7.1,12.8,1.5,0.7,9.1,17.8
Lamar Patterson\pattela01,SG,ATL,5,40,.276,.400,.200,2.8,16.3,9.6,21.1,1.2,0.0,19.7,22.2
Patrick Patterson\pattepa01,PF,TOR,65,1599,.542,.659,.156,4.4,16.2,10.3,6.6,1.3,1.2,8.5,12.5
Chris Paul\paulch01,PG,LAC,61,1921,.614,.385,.331,2.5,14.9,8.8,46.8,3.1,0.3,14.0,24.4
Adreian Payne\paynead01,PF,MIN,18,135,.505,.278,.352,7.7,21.0,14.3,8.0,3.0,4.4,11.4,23.1
Cameron Payne\payneca01,PG,TOT,31,462,.407,.446,.041,0.7,10.7,5.7,17.7,1.5,0.9,12.9,20.9
Elfrid Payton\paytoel01,PG,ORL,82,2412,.520,.160,.231,3.9,13.8,8.7,35.7,1.8,1.3,15.0,21.6
Gary Payton\paytoga02,PG,MIL,6,99,.413,.409,.227,0.0,14.0,7.1,18.1,1.5,3.6,29.2,15.8
Paul Pierce\piercpa01,SF,LAC,25,277,.535,.614,.186,0.4,18.5,9.7,5.0,0.7,1.5,17.4,14.8
Marshall Plumlee\plumlma02,C,NYK,21,170,.521,.000,.633,14.5,17.8,16.2,8.1,1.2,1.9,23.8,12.8
Mason Plumlee\plumlma01,C,TOT,81,2148,.558,.010,.482,8.8,22.5,15.6,19.8,1.6,3.4,15.2,18.1
Miles Plumlee\plumlmi01,C,TOT,45,484,.518,.000,.424,9.0,13.3,11.1,6.1,1.9,2.4,21.6,13.1
Jakob Poeltl\poeltja01,C,TOR,54,626,.589,.000,.496,14.1,15.7,14.9,2.7,1.4,2.8,17.2,12.1
Otto Porter\porteot01,SF,WAS,80,2605,.628,.425,.148,5.1,17.1,11.1,6.7,2.2,1.3,4.8,15.1
Bobby Portis\portibo01,PF,CHI,64,1000,.545,.256,.157,8.0,24.0,16.0,5.7,0.8,0.9,8.4,19.1
Kristaps Porzingis\porzikr01,PF,NYK,66,2164,.546,.319,.256,5.5,18.2,11.8,7.3,1.1,4.9,9.7,24.3
Dwight Powell\poweldw01,C,DAL,77,1333,.588,.196,.374,7.7,19.5,13.3,6.1,2.4,2.6,7.2,16.7
Norman Powell\powelno01,SG,TOR,76,1368,.552,.342,.314,2.2,11.7,6.9,9.3,1.9,0.9,10.8,21.1
Alex Poythress\poythal01,PF,PHI,6,157,.548,.352,.185,7.7,12.7,10.2,5.1,0.9,1.0,4.9,16.9
Ronnie Price\pricero01,PG,PHO,14,134,.272,.708,.167,2.4,6.7,4.5,16.9,3.9,0.6,10.4,9.0
Tim Quarterman\quartti01,SG,POR,16,80,.511,.448,.103,5.5,13.9,9.7,21.1,1.2,3.0,26.6,22.8
Chasson Randle\randlch01,PG,TOT,26,299,.586,.480,.439,2.2,9.4,5.8,16.8,1.5,0.5,14.0,19.7
Julius Randle\randlju01,PF,LAL,74,2132,.543,.082,.365,7.5,25.8,16.3,19.3,1.1,1.4,16.2,21.4
Zach Randolph\randoza01,PF,MEM,73,1786,.490,.098,.200,11.3,27.4,19.1,13.5,1.1,0.5,8.6,29.2
J.J. Redick\redicjj01,SG,LAC,78,2198,.599,.526,.227,0.6,7.9,4.3,7.8,1.3,0.5,9.1,21.9
Willie Reed\reedwi02,C,MIA,71,1031,.578,.014,.309,13.7,22.0,17.8,3.9,0.9,3.6,8.7,15.3
Josh Richardson\richajo01,SG,MIA,53,1614,.493,.442,.150,2.4,9.2,5.8,12.7,1.9,1.9,10.6,16.8
Malachi Richardson\richama01,SG,SAC,22,198,.517,.412,.279,1.8,11.5,6.7,8.7,1.3,0.5,9.5,19.3
Austin Rivers\riverau01,SG,LAC,74,2054,.545,.409,.261,1.1,7.5,4.4,15.0,1.2,0.4,12.4,20.3
Andre Roberson\roberan03,SF,OKC,79,2376,.510,.397,.240,4.6,14.2,9.4,4.6,1.9,2.7,9.1,10.1
Brian Roberts\roberbr01,PG,CHO,41,416,.510,.361,.320,1.3,9.0,5.2,18.7,1.1,0.2,15.7,17.9
Glenn Robinson\robingl02,SF,IND,69,1426,.564,.370,.225,4.5,14.6,9.6,4.7,1.4,1.2,9.1,12.8
Thomas Robinson\robinth01,PF,LAL,48,560,.535,.005,.337,15.8,28.1,21.8,8.8,2.3,1.3,17.0,20.7
Sergio Rodriguez\rodrise01,PG,PHI,68,1518,.484,.470,.050,1.5,9.9,5.7,35.4,1.5,0.2,18.9,19.3
Rajon Rondo\rondora01,PG,CHI,69,1843,.461,.237,.089,4.2,16.6,10.4,37.0,2.7,0.5,22.4,17.8
Derrick Rose\rosede01,PG,NYK,64,2082,.530,.061,.259,3.4,9.3,6.4,22.8,1.1,0.7,11.9,25.7
Terrence Ross\rosste01,SF,TOT,78,1955,.550,.524,.103,1.0,10.9,5.9,7.1,2.3,1.4,8.0,19.3
Terry Rozier\roziete01,PG,BOS,74,1263,.466,.436,.161,3.6,16.3,10.0,15.2,1.8,0.7,9.7,17.1
Ricky Rubio\rubiori01,PG,MIN,75,2469,.539,.302,.438,3.2,11.4,7.2,38.9,2.6,0.3,20.1,17.4
Damjan Rudez\rudezda01,SF,ORL,45,314,.466,.727,.000,1.7,7.1,4.3,9.2,1.9,0.3,9.3,13.6
Brandon Rush\rushbr01,SG,MIN,47,1030,.505,.610,.096,1.8,9.5,5.6,5.8,1.1,1.9,12.6,9.6
D'Angelo Russell\russeda01,PG,LAL,63,1811,.518,.443,.217,1.8,11.9,6.7,26.8,2.3,0.7,15.6,26.6
Domantas Sabonis\sabondo01,PF,OKC,81,1632,.469,.331,.139,3.0,16.4,9.7,7.2,1.2,1.6,14.0,15.4
Larry Sanders\sandela01,C,CLE,5,13,.410,.000,.500,26.3,8.2,17.0,0.0,3.8,6.2,29.1,23.6
Dario Saric\saricda01,PF,PHI,81,2129,.508,.368,.237,5.8,20.8,13.3,14.3,1.3,1.1,15.2,24.6
Tomas Satoransky\satorto01,SG,WAS,57,719,.480,.253,.226,3.9,9.1,6.5,16.7,1.8,0.7,19.1,12.1
Dennis Schroder\schrode01,PG,ATL,79,2485,.533,.242,.210,1.9,9.0,5.5,35.5,1.5,0.6,16.3,27.8
Luis Scola\scolalu01,PF,BRK,36,461,.550,.331,.245,11.9,20.0,16.0,12.7,1.4,0.7,16.9,18.7
Mike Scott\scottmi01,PF,ATL,18,195,.360,.458,.136,5.7,15.0,10.4,12.5,1.0,1.3,11.3,15.8
Thabo Sefolosha\sefolth01,SF,ATL,62,1596,.519,.304,.190,3.8,14.7,9.3,9.9,3.0,1.7,11.9,13.3
Wayne Selden\seldewa01,SG,TOT,14,236,.525,.483,.379,0.5,7.2,3.8,8.5,1.3,0.4,15.1,15.3
Kevin Seraphin\serapke01,PF,IND,49,559,.559,.010,.111,8.3,20.0,14.3,6.7,0.6,3.1,12.3,19.0
Ramon Sessions\sessira01,PG,CHO,50,811,.495,.236,.449,1.5,8.5,4.9,24.2,1.6,0.3,12.7,20.1
Iman Shumpert\shumpim01,SG,CLE,76,1937,.536,.534,.184,2.3,9.9,6.2,7.8,1.6,1.1,12.9,13.9
Pascal Siakam\siakapa01,PF,TOR,55,859,.523,.034,.156,8.4,15.9,12.2,2.9,1.5,4.5,13.1,13.1
Jonathon Simmons\simmojo02,SG,SAS,78,1392,.504,.242,.314,1.7,11.1,6.5,13.2,1.7,1.5,13.7,18.0
Kyle Singler\singlky01,SF,OKC,32,385,.486,.446,.205,2.3,11.5,6.9,3.2,0.9,1.0,10.8,11.2
Marcus Smart\smartma01,SG,BOS,79,2399,.486,.443,.334,3.7,10.5,7.1,22.0,2.6,1.2,15.6,18.8
Ish Smith\smithis01,PG,DET,81,1955,.477,.140,.136,1.1,12.4,6.6,32.5,1.6,1.4,12.4,20.5
J.R. Smith\smithjr01,SG,CLE,41,1187,.484,.761,.042,1.6,8.6,5.2,7.3,1.7,0.7,6.7,14.6
Jason Smith\smithja02,C,WAS,74,1068,.598,.237,.155,6.8,20.4,13.6,5.0,1.0,4.3,14.2,16.7
Tony Snell\snellto01,SG,MIL,80,2336,.603,.656,.107,1.1,11.1,6.2,5.9,1.2,0.5,8.8,12.1
Marreese Speights\speigma01,C,LAC,82,1286,.584,.505,.250,7.9,24.1,16.2,8.1,0.9,2.6,10.2,23.6
Tiago Splitter\splitti01,C,PHI,8,76,.544,.194,.355,11.6,20.3,15.9,8.9,0.6,1.0,14.3,23.9
Nik Stauskas\stausni01,SG,PHI,80,2188,.540,.566,.237,1.1,10.3,5.7,12.9,1.0,1.2,15.5,16.4
Lance Stephenson\stephla01,SG,TOT,18,361,.485,.167,.108,1.2,14.8,8.0,24.8,0.7,0.7,17.1,18.7
Jarnell Stokes\stokeja01,C,DEN,2,7,.798,.000,2.000,15.9,15.6,15.8,40.1,7.0,0.0,0.0,11.4
Diamond Stone\stonedi01,C,LAC,7,24,.339,.000,.308,4.8,22.7,14.0,0.0,0.0,3.4,11.9,31.3
Rodney Stuckey\stuckro01,PG,IND,39,696,.483,.246,.439,1.0,12.4,6.8,17.7,1.2,0.0,15.4,22.2
Jared Sullinger\sullija01,PF,TOR,11,118,.359,.375,.167,9.6,16.3,12.9,3.7,1.7,0.7,7.2,21.0
Edy Tavares\tavarwa01,C,TOT,2,28,.633,.000,.600,16.3,26.7,21.6,5.1,0.0,17.3,24.0,13.2
Isaiah Taylor\taylois01,PG,HOU,4,52,.190,.286,.286,2.1,4.2,3.1,7.1,0.9,1.6,0.0,6.4
Jeff Teague\teaguje01,PG,IND,82,2657,.574,.277,.457,1.4,12.4,7.0,36.4,1.9,1.1,16.5,22.1
Mirza Teletovic\teletmi01,PF,MIL,70,1133,.515,.730,.108,1.1,15.4,8.3,6.4,0.5,1.0,7.8,19.1
Garrett Temple\templga01,SG,SAC,65,1728,.545,.509,.171,2.2,10.0,6.1,14.5,2.5,1.5,14.4,14.2
Jason Terry\terryja01,SG,MIL,74,1365,.600,.704,.119,1.3,7.7,4.5,9.9,1.7,1.3,12.3,9.8
Isaiah Thomas\thomais02,PG,BOS,76,2569,.625,.439,.441,1.9,7.0,4.4,32.6,1.4,0.4,10.7,34.0
Lance Thomas\thomala01,PF,NYK,46,968,.516,.348,.209,3.6,12.3,7.9,5.0,1.1,0.4,8.6,13.1
Hollis Thompson\thompho01,SG,TOT,40,752,.482,.475,.145,2.8,13.4,8.0,6.8,1.3,0.6,4.9,13.0
Klay Thompson\thompkl01,SG,GSW,78,2649,.592,.470,.158,2.2,9.2,5.9,9.3,1.2,1.2,8.0,26.1
Tristan Thompson\thomptr01,C,CLE,78,2336,.594,.007,.487,14.0,19.6,16.9,4.6,0.8,2.9,10.8,11.3
Marcus Thornton\thornma01,SG,WAS,33,575,.494,.381,.129,4.3,10.5,7.5,10.1,1.6,0.4,10.1,18.7
Mike Tobey\tobeymi01,C,CHO,2,25,.250,.000,.000,8.7,4.4,6.6,5.4,0.0,0.0,20.0,9.0
Anthony Tolliver\tollian01,PF,SAC,65,1477,.595,.655,.234,4.0,14.5,9.3,7.7,1.1,1.2,12.6,13.6
Axel Toupane\toupaax01,SF,TOT,4,47,.611,.444,.000,0.0,2.3,1.1,0.0,1.0,1.7,0.0,8.5
Karl-Anthony Towns\townska01,C,MIN,82,3030,.618,.186,.289,11.2,27.8,19.4,13.2,1.0,2.9,11.3,27.5
P.J. Tucker\tuckepj01,SF,TOT,81,2236,.516,.407,.193,5.6,17.8,11.6,6.0,2.5,0.7,11.2,11.2
Evan Turner\turneev01,SF,POR,65,1658,.491,.214,.187,2.4,14.2,8.3,18.4,1.6,1.2,14.3,18.5
Myles Turner\turnemy01,C,IND,81,2541,.585,.132,.349,6.2,19.5,13.0,6.6,1.5,6.0,9.5,19.5
Beno Udrih\udrihbe01,PG,DET,39,560,.535,.162,.173,1.1,10.3,5.6,35.4,1.2,0.0,14.9,19.7
Tyler Ulis\ulisty01,PG,PHO,61,1123,.474,.181,.162,1.9,7.5,4.6,30.5,2.0,0.4,14.1,20.3
Jarrod Uthoff\uthofja01,PF,DAL,9,115,.487,.237,.184,7.7,14.8,11.1,12.8,0.9,3.1,6.8,18.1
Jonas Valanciunas\valanjo01,C,TOR,80,2066,.601,.003,.309,12.4,29.1,20.8,4.4,0.9,2.6,11.7,19.5
Denzel Valentine\valende01,SG,CHI,57,976,.492,.722,.063,1.2,15.6,8.3,9.3,1.5,0.6,14.2,15.4
Fred VanVleet\vanvlfr01,PG,TOR,37,294,.443,.261,.198,1.5,14.6,8.1,17.5,2.9,0.6,11.1,20.6
Anderson Varejao\varejan01,C,GSW,14,92,.478,.000,.786,15.3,16.8,16.1,13.0,1.6,2.6,29.8,12.6
Greivis Vasquez\vasqugr01,PG,BRK,3,39,.376,.375,.375,0.0,5.4,2.7,17.5,1.2,1.9,9.7,11.3
Rashad Vaughn\vaughra01,SG,MIL,41,458,.449,.519,.032,1.0,11.3,6.2,7.4,2.1,1.9,8.1,17.2
Noah Vonleh\vonleno01,PF,POR,74,1265,.525,.074,.348,11.4,22.5,17.0,3.4,1.2,1.7,17.1,13.1
Nikola Vucevic\vucevni01,C,ORL,75,2163,.498,.073,.155,8.6,31.2,19.6,16.9,1.8,2.8,9.6,24.8
Sasha Vujacic\vujacsa01,SG,NYK,42,408,.423,.544,.176,3.2,12.4,7.8,17.9,1.6,0.4,9.8,17.3
Dwyane Wade\wadedw01,SG,CHI,60,1792,.508,.152,.294,3.8,12.6,8.2,22.4,2.4,1.8,11.3,29.6
Dion Waiters\waitedi01,SG,MIA,46,1384,.507,.324,.192,1.4,11.0,6.2,23.8,1.5,1.1,12.5,26.3
Kemba Walker\walkeke02,PG,CHO,79,2739,.569,.415,.248,1.8,10.6,6.2,29.1,1.6,0.7,9.5,29.2
John Wall\walljo01,PG,WAS,78,2836,.541,.190,.367,2.3,10.6,6.5,46.9,2.7,1.4,16.2,30.6
Taurean Waller-Prince\princta02,SF,ATL,59,981,.513,.358,.330,2.8,14.6,8.8,8.4,2.2,2.4,15.7,17.2
T.J. Warren\warretj01,SF,PHO,66,2048,.539,.120,.189,6.5,11.7,9.0,5.8,1.8,1.5,6.1,19.2
C.J. Watson\watsocj01,PG,ORL,62,1012,.507,.423,.266,1.7,8.1,4.8,16.1,2.1,0.2,14.5,14.1
Briante Weber\weberbr01,PG,TOT,20,205,.462,.167,.267,4.3,9.6,7.0,15.0,2.9,0.4,10.7,16.3
David West\westda01,C,GSW,68,854,.571,.032,.222,6.4,18.8,13.0,24.1,2.4,4.4,22.0,17.9
Russell Westbrook\westbru01,PG,OKC,81,2802,.554,.300,.433,5.4,28.8,17.1,57.3,2.3,0.9,15.9,41.7
Okaro White\whiteok01,PF,MIA,35,471,.507,.391,.253,5.8,13.5,9.6,6.0,1.1,1.7,15.7,10.8
Isaiah Whitehead\whiteis01,PG,BRK,73,1643,.487,.293,.222,2.1,9.7,5.9,17.7,1.2,1.7,20.3,18.2
Hassan Whiteside\whiteha01,C,MIA,77,2513,.579,.000,.368,12.8,35.3,24.0,3.8,1.1,5.0,12.0,22.7
Andrew Wiggins\wiggian01,SF,MIN,82,3048,.534,.184,.345,3.9,8.8,6.3,10.6,1.4,0.8,9.4,29.0
C.J. Wilcox\wilcocj01,SG,ORL,22,108,.329,.484,.065,3.9,8.3,6.0,15.5,0.9,0.7,15.8,15.4
Alan Williams\willial03,C,PHO,47,708,.547,.004,.419,14.0,31.2,22.4,5.2,1.8,3.7,10.5,20.9
Deron Williams\willide01,PG,TOT,64,1657,.541,.390,.182,0.9,9.4,5.1,35.9,1.0,0.4,17.6,22.1
Derrick Williams\willide02,PF,TOT,50,804,.537,.398,.365,2.6,15.1,8.9,5.1,0.9,0.7,9.0,17.2
Lou Williams\willilo02,SG,TOT,81,1994,.593,.447,.458,1.4,9.9,5.5,19.9,1.9,0.8,11.8,29.1
Marvin Williams\willima02,PF,CHO,76,2295,.551,.503,.213,4.2,19.7,11.9,7.1,1.3,2.0,7.2,16.3
Reggie Williams\willire02,SF,NOP,6,79,.518,.478,.304,2.7,5.4,4.0,7.2,1.9,0.0,0.0,14.6
Troy Williams\willitr02,SF,TOT,30,557,.511,.371,.192,3.0,11.2,7.0,7.0,2.5,1.7,15.4,17.2
Kyle Wiltjer\wiltjky01,PF,HOU,14,44,.437,.929,.143,9.9,14.9,12.4,6.1,3.3,1.8,25.2,19.1
Justise Winslow\winslju01,SF,MIA,18,625,.399,.156,.209,4.0,12.7,8.3,15.5,2.2,0.8,11.8,19.8
Jeff Withey\witheje01,C,UTA,51,432,.588,.010,.466,14.3,17.9,16.2,2.5,1.9,6.0,10.1,14.9
Christian Wood\woodch01,PF,CHO,13,107,.591,.217,.652,14.3,15.5,14.9,2.8,1.4,4.9,19.1,15.4
Metta World Peace\artesro01,SF,LAL,25,160,.380,.559,.235,3.3,10.6,6.8,9.8,2.7,1.0,8.5,21.9
Brandan Wright\wrighbr03,PF,MEM,28,447,.628,.007,.259,7.7,12.4,10.0,6.0,1.3,4.3,6.2,16.3
Delon Wright\wrighde01,PG,TOR,27,446,.535,.259,.474,4.1,8.1,6.1,18.2,3.1,2.1,15.1,16.6
James Young\youngja01,SG,BOS,29,220,.549,.603,.155,3.1,10.0,6.6,2.6,2.3,0.7,6.1,13.3
Joe Young\youngjo01,PG,IND,33,135,.433,.319,.208,0.8,13.1,7.1,18.0,1.5,0.0,6.0,27.8
Nick Young\youngni01,SG,LAL,60,1556,.588,.665,.142,1.7,8.2,4.8,5.8,1.2,0.7,5.1,19.5
Thaddeus Young\youngth01,PF,IND,74,2237,.562,.172,.125,6.7,15.8,11.3,8.4,2.6,1.2,11.7,16.5
Cody Zeller\zelleco01,PF,CHO,62,1725,.604,.002,.442,8.6,17.3,12.9,9.1,1.8,3.0,10.9,15.5
Tyler Zeller\zellety01,C,BOS,51,525,.508,.006,.247,9.2,17.0,13.2,12.2,0.7,3.3,10.2,16.5
Stephen Zimmerman\zimmest01,C,ORL,19,108,.346,.000,.161,10.8,24.9,17.6,5.3,0.9,3.7,8.3,14.8
Paul Zipser\zipsepa01,SF,CHI,44,843,.503,.448,.181,1.9,14.2,8.0,6.1,0.9,1.5,14.4,14.4
Ivica Zubac\zubaciv01,C,LAL,38,609,.547,.013,.206,7.1,21.9,14.3,8.1,1.1,4.4,10.4,20.3